timestamp,source
2026-01-17 08:16:19,auto_from_log
2026-01-18 09:00:00,auto_from_log
2026-01-19 10:00:00,auto_from_log
2026-01-20 09:30:00,auto_from_log
2026-01-21 10:00:00,auto_from_log
2026-01-22 09:00:00,auto_from_log
2026-01-23 10:00:00,auto_from_log
2026-01-24 09:00:00,auto_from_log
2026-01-25 10:00:00,auto_from_log
2026-01-26 09:00:00,auto_from_log
2026-01-27 10:00:00,auto_from_log
2026-01-28 09:30:00,auto_from_log
2026-01-29 10:00:00,auto_from_log
2026-01-30 09:00:00,auto_from_log
2026-01-31 10:00:00,auto_from_log
2026-02-01 09:00:00,auto_from_log
2026-02-02 10:00:00,auto_from_log
2026-02-03 09:30:00,auto_from_log
2026-02-04 10:00:00,auto_from_log
2026-02-05 09:00:00,auto_from_log
2026-02-06 10:00:00,auto_from_log
2026-02-07 09:00:00,auto_from_log
2026-02-08 10:00:00,auto_from_log
